YEAR,WEEK,PROVINCE,DOSE,VACCINATIONS
2020,53,Brussels,A,39.0
2020,53,Hainaut,A,19.0
2020,53,Vlaams-Brabant,A,233.0
2021,01,Antwerpen,A,950.0
2021,01,Brabant Wallon,A,552.0
2021,01,Brussels,A,1798.0
2021,01,Hainaut,A,1060.0
2021,01,Limburg,A,113.0
2021,01,Liège,A,1109.0
2021,01,Luxembourg,A,697.0
2021,01,Namur,A,385.0
2021,01,Oost-Vlaanderen,A,685.0
2021,01,Vlaams-Brabant,A,1027.0
2021,01,West-Vlaanderen,A,1419.0
2021,02,Antwerpen,A,8519.0
2021,02,Antwerpen,B,10.0
2021,02,Brabant Wallon,A,1297.0
2021,02,Brussels,A,5216.0
2021,02,Hainaut,A,4163.0
2021,02,Limburg,A,3533.0
2021,02,Liège,A,4666.0
2021,02,Liège,B,68.0
2021,02,Luxembourg,A,1359.0
2021,02,Namur,A,1382.0
2021,02,Oost-Vlaanderen,A,5545.0
2021,02,Vlaams-Brabant,A,5095.0
2021,02,West-Vlaanderen,A,8723.0
2021,03,Antwerpen,A,11908.0
2021,03,Antwerpen,B,15.0
2021,03,Antwerpen,C,12.0
2021,03,Brabant Wallon,A,2281.0
2021,03,Brussels,A,6125.0
2021,03,Brussels,B,39.0
2021,03,Hainaut,A,6391.0
2021,03,Hainaut,B,18.0
2021,03,Limburg,A,5233.0
2021,03,Liège,A,6422.0
2021,03,Liège,B,68.0
2021,03,Luxembourg,A,1555.0
2021,03,Namur,A,2637.0
2021,03,Oost-Vlaanderen,A,10297.0
2021,03,Vlaams-Brabant,A,8076.0
2021,03,Vlaams-Brabant,B,226.0
2021,03,Vlaams-Brabant,C,11.0
2021,03,West-Vlaanderen,A,10685.0
2021,04,Antwerpen,A,13071.0
2021,04,Antwerpen,B,922.0
2021,04,Antwerpen,C,16.0
2021,04,Brabant Wallon,A,2439.0
2021,04,Brabant Wallon,B,530.0
2021,04,Brussels,A,6295.0
2021,04,Brussels,B,1655.0
2021,04,Hainaut,A,6618.0
2021,04,Hainaut,B,971.0
2021,04,Limburg,A,5778.0
2021,04,Limburg,B,108.0
2021,04,Liège,A,7069.0
2021,04,Liège,B,1159.0
2021,04,Luxembourg,A,1838.0
2021,04,Luxembourg,B,686.0
2021,04,Namur,A,3091.0
2021,04,Namur,B,373.0
2021,04,Oost-Vlaanderen,A,11176.0
2021,04,Oost-Vlaanderen,B,613.0
2021,04,Oost-Vlaanderen,C,10.0
2021,04,Vlaams-Brabant,A,8936.0
2021,04,Vlaams-Brabant,B,923.0
2021,04,Vlaams-Brabant,C,15.0
2021,04,West-Vlaanderen,A,11565.0
2021,04,West-Vlaanderen,B,1335.0
2021,05,Antwerpen,A,13650.0
2021,05,Antwerpen,B,8153.0
2021,05,Antwerpen,C,21.0
2021,05,Brabant Wallon,A,2692.0
2021,05,Brabant Wallon,B,1223.0
2021,05,Brussels,A,6507.0
2021,05,Brussels,B,4797.0
2021,05,Hainaut,A,7021.0
2021,05,Hainaut,B,3991.0
2021,05,Limburg,A,5856.0
2021,05,Limburg,B,3271.0
2021,05,Liège,A,7798.0
2021,05,Liège,B,4532.0
2021,05,Luxembourg,A,1946.0
2021,05,Luxembourg,B,1311.0
2021,05,Namur,A,3396.0
2021,05,Namur,B,1302.0
2021,05,Oost-Vlaanderen,A,11623.0
2021,05,Oost-Vlaanderen,B,5265.0
2021,05,Oost-Vlaanderen,C,11.0
2021,05,Vlaams-Brabant,A,9117.0
2021,05,Vlaams-Brabant,B,4892.0
2021,05,Vlaams-Brabant,C,16.0
2021,05,West-Vlaanderen,A,11752.0
2021,05,West-Vlaanderen,B,8206.0
2021,06,Antwerpen,A,13812.0
2021,06,Antwerpen,B,11391.0
2021,06,Antwerpen,C,24.0
2021,06,Brabant Wallon,A,2862.0
2021,06,Brabant Wallon,B,2158.0
2021,06,Brussels,A,6636.0
2021,06,Brussels,B,5797.0
2021,06,Hainaut,A,7682.0
2021,06,Hainaut,B,6126.0
2021,06,Limburg,A,5932.0
2021,06,Limburg,B,5034.0
2021,06,Limburg,C,12.0
2021,06,Liège,A,8526.0
2021,06,Liège,B,6198.0
2021,06,Luxembourg,A,2020.0
2021,06,Luxembourg,B,1511.0
2021,06,Namur,A,3795.0
2021,06,Namur,B,2515.0
2021,06,Oost-Vlaanderen,A,11807.0
2021,06,Oost-Vlaanderen,B,9861.0
2021,06,Oost-Vlaanderen,C,14.0
2021,06,Vlaams-Brabant,A,9338.0
2021,06,Vlaams-Brabant,B,7751.0
2021,06,Vlaams-Brabant,C,19.0
2021,06,West-Vlaanderen,A,11918.0
2021,06,West-Vlaanderen,B,10067.0
2021,07,Antwerpen,A,14111.0
2021,07,Antwerpen,B,12484.0
2021,07,Antwerpen,C,45.0
2021,07,Brabant Wallon,A,3074.0
2021,07,Brabant Wallon,B,2338.0
2021,07,Brussels,A,6855.0
2021,07,Brussels,B,5941.0
2021,07,Hainaut,A,7898.0
2021,07,Hainaut,B,6361.0
2021,07,Limburg,A,6061.0
2021,07,Limburg,B,5608.0
2021,07,Limburg,C,12.0
2021,07,Liège,A,9041.0
2021,07,Liège,B,6804.0
2021,07,Luxembourg,A,2074.0
2021,07,Luxembourg,B,1791.0
2021,07,Namur,A,4019.0
2021,07,Namur,B,2970.0
2021,07,Oost-Vlaanderen,A,12122.0
2021,07,Oost-Vlaanderen,B,10733.0
2021,07,Oost-Vlaanderen,C,16.0
2021,07,Vlaams-Brabant,A,10230.0
2021,07,Vlaams-Brabant,B,8653.0
2021,07,Vlaams-Brabant,C,19.0
2021,07,West-Vlaanderen,A,12446.0
2021,07,West-Vlaanderen,B,11035.0
2021,08,Antwerpen,A,15847.0
2021,08,Antwerpen,B,13174.0
2021,08,Antwerpen,C,55.0
2021,08,Brabant Wallon,A,3561.0
2021,08,Brabant Wallon,B,2580.0
2021,08,Brussels,A,7460.0
2021,08,Brussels,B,6217.0
2021,08,Hainaut,A,8625.0
2021,08,Hainaut,B,6698.0
2021,08,Limburg,A,7464.0
2021,08,Limburg,B,5699.0
2021,08,Limburg,C,22.0
2021,08,Liège,A,10018.0
2021,08,Liège,B,7541.0
2021,08,Luxembourg,A,2107.0
2021,08,Luxembourg,B,1896.0
2021,08,Namur,A,4359.0
2021,08,Namur,B,3290.0
2021,08,Oost-Vlaanderen,A,14274.0
2021,08,Oost-Vlaanderen,B,11183.0
2021,08,Oost-Vlaanderen,C,17.0
2021,08,Vlaams-Brabant,A,12260.0
2021,08,Vlaams-Brabant,B,8799.0
2021,08,Vlaams-Brabant,C,20.0
2021,08,West-Vlaanderen,A,14193.0
2021,08,West-Vlaanderen,B,11311.0
2021,09,Antwerpen,A,21195.0
2021,09,Antwerpen,B,13259.0
2021,09,Antwerpen,C,63.0
2021,09,Brabant Wallon,A,4403.0
2021,09,Brabant Wallon,B,2751.0
2021,09,Brussels,A,9374.0
2021,09,Brussels,B,6323.0
2021,09,Hainaut,A,10741.0
2021,09,Hainaut,B,7180.0
2021,09,Limburg,A,9973.0
2021,09,Limburg,B,5758.0
2021,09,Limburg,C,27.0
2021,09,Liège,A,11844.0
2021,09,Liège,B,8119.0
2021,09,Luxembourg,A,2394.0
2021,09,Luxembourg,B,1968.0
2021,09,Namur,A,5344.0
2021,09,Namur,B,3671.0
2021,09,Oost-Vlaanderen,A,18921.0
2021,09,Oost-Vlaanderen,B,11399.0
2021,09,Oost-Vlaanderen,C,17.0
2021,09,Vlaams-Brabant,A,15579.0
2021,09,Vlaams-Brabant,B,9008.0
2021,09,Vlaams-Brabant,C,20.0
2021,09,West-Vlaanderen,A,17828.0
2021,09,West-Vlaanderen,B,11511.0
2021,10,Antwerpen,A,25339.0
2021,10,Antwerpen,B,13580.0
2021,10,Antwerpen,C,69.0
2021,10,Brabant Wallon,A,5273.0
2021,10,Brabant Wallon,B,2979.0
2021,10,Brussels,A,11484.0
2021,10,Brussels,B,6535.0
2021,10,Hainaut,A,14206.0
2021,10,Hainaut,B,7648.0
2021,10,Limburg,A,11867.0
2021,10,Limburg,B,5852.0
2021,10,Limburg,C,31.0
2021,10,Liège,A,13676.0
2021,10,Liège,B,8803.0
2021,10,Luxembourg,A,2725.0
2021,10,Luxembourg,B,2018.0
2021,10,Namur,A,6632.0
2021,10,Namur,B,3926.0
2021,10,Oost-Vlaanderen,A,23254.0
2021,10,Oost-Vlaanderen,B,11789.0
2021,10,Oost-Vlaanderen,C,17.0
2021,10,Vlaams-Brabant,A,18693.0
2021,10,Vlaams-Brabant,B,9706.0
2021,10,Vlaams-Brabant,C,21.0
2021,10,West-Vlaanderen,A,20126.0
2021,10,West-Vlaanderen,B,11897.0
2021,11,Antwerpen,A,29458.0
2021,11,Antwerpen,B,14582.0
2021,11,Antwerpen,C,69.0
2021,11,Brabant Wallon,A,8595.0
2021,11,Brabant Wallon,B,3181.0
2021,11,Brussels,A,16780.0
2021,11,Brussels,B,7057.0
2021,11,Hainaut,A,22249.0
2021,11,Hainaut,B,7954.0
2021,11,Limburg,A,13721.0
2021,11,Limburg,B,6263.0
2021,11,Limburg,C,31.0
2021,11,Liège,A,21273.0
2021,11,Liège,B,9350.0
2021,11,Luxembourg,A,4566.0
2021,11,Luxembourg,B,2054.0
2021,11,Namur,A,9560.0
2021,11,Namur,B,4082.0
2021,11,Oost-Vlaanderen,A,27123.0
2021,11,Oost-Vlaanderen,B,12562.0
2021,11,Oost-Vlaanderen,C,17.0
2021,11,Vlaams-Brabant,A,21384.0
2021,11,Vlaams-Brabant,B,11017.0
2021,11,Vlaams-Brabant,C,21.0
2021,11,West-Vlaanderen,A,23496.0
2021,11,West-Vlaanderen,B,12721.0
2021,12,Antwerpen,A,39313.0
2021,12,Antwerpen,B,16178.0
2021,12,Antwerpen,C,69.0
2021,12,Brabant Wallon,A,17227.0
2021,12,Brabant Wallon,B,3631.0
2021,12,Brussels,A,25594.0
2021,12,Brussels,B,7690.0
2021,12,Hainaut,A,28740.0
2021,12,Hainaut,B,8636.0
2021,12,Limburg,A,18780.0
2021,12,Limburg,B,7169.0
2021,12,Limburg,C,31.0
2021,12,Liège,A,32346.0
2021,12,Liège,B,9979.0
2021,12,Luxembourg,A,7225.0
2021,12,Luxembourg,B,2167.0
2021,12,Namur,A,12432.0
2021,12,Namur,B,4337.0
2021,12,Oost-Vlaanderen,A,34653.0
2021,12,Oost-Vlaanderen,B,14293.0
2021,12,Oost-Vlaanderen,C,17.0
2021,12,Vlaams-Brabant,A,27805.0
2021,12,Vlaams-Brabant,B,12321.0
2021,12,Vlaams-Brabant,C,21.0
2021,12,West-Vlaanderen,A,37261.0
2021,12,West-Vlaanderen,B,14424.0
2021,13,Antwerpen,A,55145.0
2021,13,Antwerpen,B,18369.0
2021,13,Antwerpen,C,108.0
2021,13,Brabant Wallon,A,20818.0
2021,13,Brabant Wallon,B,3850.0
2021,13,Brussels,A,33023.0
2021,13,Brussels,B,8481.0
2021,13,Hainaut,A,34072.0
2021,13,Hainaut,B,10208.0
2021,13,Limburg,A,24881.0
2021,13,Limburg,B,8376.0
2021,13,Limburg,C,37.0
2021,13,Liège,A,41086.0
2021,13,Liège,B,10895.0
2021,13,Luxembourg,A,8920.0
2021,13,Luxembourg,B,2311.0
2021,13,Namur,A,17565.0
2021,13,Namur,B,4961.0
2021,13,Oost-Vlaanderen,A,44004.0
2021,13,Oost-Vlaanderen,B,16308.0
2021,13,Oost-Vlaanderen,C,22.0
2021,13,Vlaams-Brabant,A,34154.0
2021,13,Vlaams-Brabant,B,13974.0
2021,13,Vlaams-Brabant,C,23.0
2021,13,West-Vlaanderen,A,41757.0
2021,13,West-Vlaanderen,B,15699.0
2021,14,Antwerpen,A,94889.0
2021,14,Antwerpen,B,19280.0
2021,14,Antwerpen,C,136.0
2021,14,Brabant Wallon,A,25280.0
2021,14,Brabant Wallon,B,5626.0
2021,14,Brussels,A,47463.0
2021,14,Brussels,B,9464.0
2021,14,Hainaut,A,46550.0
2021,14,Hainaut,B,11477.0
2021,14,Limburg,A,48680.0
2021,14,Limburg,B,8647.0
2021,14,Limburg,C,68.0
2021,14,Liège,A,57100.0
2021,14,Liège,B,12549.0
2021,14,Luxembourg,A,12433.0
2021,14,Luxembourg,B,4116.0
2021,14,Namur,A,26940.0
2021,14,Namur,B,6291.0
2021,14,Namur,C,12.0
2021,14,Oost-Vlaanderen,A,81014.0
2021,14,Oost-Vlaanderen,B,16785.0
2021,14,Oost-Vlaanderen,C,24.0
2021,14,Vlaams-Brabant,A,62359.0
2021,14,Vlaams-Brabant,B,14502.0
2021,14,Vlaams-Brabant,C,23.0
2021,14,West-Vlaanderen,A,81340.0
2021,14,West-Vlaanderen,B,15933.0
2021,15,Antwerpen,A,107741.0
2021,15,Antwerpen,B,23362.0
2021,15,Antwerpen,C,144.0
2021,15,Brabant Wallon,A,32332.0
2021,15,Brabant Wallon,B,8365.0
2021,15,Brussels,A,52812.0
2021,15,Brussels,B,10671.0
2021,15,Hainaut,A,58134.0
2021,15,Hainaut,B,14691.0
2021,15,Limburg,A,51538.0
2021,15,Limburg,B,10550.0
2021,15,Limburg,C,69.0
2021,15,Liège,A,73496.0
2021,15,Liège,B,15175.0
2021,15,Luxembourg,A,19473.0
2021,15,Luxembourg,B,4973.0
2021,15,Namur,A,36462.0
2021,15,Namur,B,7870.0
2021,15,Namur,C,12.0
2021,15,Oost-Vlaanderen,A,84659.0
2021,15,Oost-Vlaanderen,B,19861.0
2021,15,Oost-Vlaanderen,C,25.0
2021,15,Vlaams-Brabant,A,68322.0
2021,15,Vlaams-Brabant,B,17532.0
2021,15,Vlaams-Brabant,C,26.0
2021,15,West-Vlaanderen,A,89720.0
2021,15,West-Vlaanderen,B,21703.0
2021,16,Antwerpen,A,126398.0
2021,16,Antwerpen,B,23864.0
2021,16,Antwerpen,C,144.0
2021,16,Brabant Wallon,A,35338.0
2021,16,Brabant Wallon,B,9135.0
2021,16,Brussels,A,56631.0
2021,16,Brussels,B,12386.0
2021,16,Hainaut,A,69020.0
2021,16,Hainaut,B,15583.0
2021,16,Limburg,A,61529.0
2021,16,Limburg,B,10599.0
2021,16,Limburg,C,69.0
2021,16,Liège,A,84258.0
2021,16,Liège,B,15673.0
2021,16,Luxembourg,A,21744.0
2021,16,Luxembourg,B,5202.0
2021,16,Namur,A,41133.0
2021,16,Namur,B,8253.0
2021,16,Namur,C,12.0
2021,16,Oost-Vlaanderen,A,99596.0
2021,16,Oost-Vlaanderen,B,19987.0
2021,16,Oost-Vlaanderen,C,25.0
2021,16,Vlaams-Brabant,A,79639.0
2021,16,Vlaams-Brabant,B,17758.0
2021,16,Vlaams-Brabant,C,26.0
2021,16,West-Vlaanderen,A,102355.0
2021,16,West-Vlaanderen,B,21863.0
2021,17,Antwerpen,A,155558.0
2021,17,Antwerpen,B,24168.0
2021,17,Antwerpen,C,226.0
2021,17,Brabant Wallon,A,36556.0
2021,17,Brabant Wallon,B,10879.0
2021,17,Brussels,A,66213.0
2021,17,Brussels,B,17582.0
2021,17,Brussels,C,27.0
2021,17,Hainaut,A,78797.0
2021,17,Hainaut,B,18926.0
2021,17,Hainaut,C,300.0
2021,17,Limburg,A,77877.0
2021,17,Limburg,B,10723.0
2021,17,Limburg,C,102.0
2021,17,Liège,A,89306.0
2021,17,Liège,B,21764.0
2021,17,Luxembourg,A,25776.0
2021,17,Luxembourg,B,7021.0
2021,17,Namur,A,43818.0
2021,17,Namur,B,10324.0
2021,17,Namur,C,17.0
2021,17,Oost-Vlaanderen,A,125572.0
2021,17,Oost-Vlaanderen,B,20262.0
2021,17,Oost-Vlaanderen,C,62.0
2021,17,Vlaams-Brabant,A,101525.0
2021,17,Vlaams-Brabant,B,18011.0
2021,17,Vlaams-Brabant,C,73.0
2021,17,West-Vlaanderen,A,128696.0
2021,17,West-Vlaanderen,B,21985.0
2021,17,West-Vlaanderen,C,88.0
2021,18,Antwerpen,A,173719.0
2021,18,Antwerpen,B,43484.0
2021,18,Antwerpen,C,978.0
2021,18,Brabant Wallon,A,40032.0
2021,18,Brabant Wallon,B,13573.0
2021,18,Brabant Wallon,C,568.0
2021,18,Brussels,A,75062.0
2021,18,Brussels,B,28698.0
2021,18,Brussels,C,268.0
2021,18,Hainaut,A,88025.0
2021,18,Hainaut,B,22860.0
2021,18,Hainaut,C,1313.0
2021,18,Limburg,A,88276.0
2021,18,Limburg,B,19672.0
2021,18,Limburg,C,299.0
2021,18,Liège,A,96501.0
2021,18,Liège,B,26737.0
2021,18,Liège,C,2017.0
2021,18,Luxembourg,A,28947.0
2021,18,Luxembourg,B,8569.0
2021,18,Namur,A,46763.0
2021,18,Namur,B,14070.0
2021,18,Namur,C,2085.0
2021,18,Oost-Vlaanderen,A,135983.0
2021,18,Oost-Vlaanderen,B,35763.0
2021,18,Oost-Vlaanderen,C,515.0
2021,18,Vlaams-Brabant,A,109735.0
2021,18,Vlaams-Brabant,B,27504.0
2021,18,Vlaams-Brabant,C,304.0
2021,18,West-Vlaanderen,A,135818.0
2021,18,West-Vlaanderen,B,35917.0
2021,18,West-Vlaanderen,C,353.0
2021,19,Antwerpen,A,176063.0
2021,19,Antwerpen,B,83405.0
2021,19,Antwerpen,C,1336.0
2021,19,Brabant Wallon,A,42911.0
2021,19,Brabant Wallon,B,15322.0
2021,19,Brabant Wallon,C,663.0
2021,19,Brussels,A,85664.0
2021,19,Brussels,B,35253.0
2021,19,Brussels,C,441.0
2021,19,Hainaut,A,94490.0
2021,19,Hainaut,B,27114.0
2021,19,Hainaut,C,1437.0
2021,19,Limburg,A,89260.0
2021,19,Limburg,B,38718.0
2021,19,Limburg,C,381.0
2021,19,Liège,A,102558.0
2021,19,Liège,B,33140.0
2021,19,Liège,C,2094.0
2021,19,Luxembourg,A,30923.0
2021,19,Luxembourg,B,9478.0
2021,19,Namur,A,50022.0
2021,19,Namur,B,16589.0
2021,19,Namur,C,2541.0
2021,19,Oost-Vlaanderen,A,137141.0
2021,19,Oost-Vlaanderen,B,70173.0
2021,19,Oost-Vlaanderen,C,601.0
2021,19,Vlaams-Brabant,A,110243.0
2021,19,Vlaams-Brabant,B,54078.0
2021,19,Vlaams-Brabant,C,451.0
2021,19,West-Vlaanderen,A,136263.0
2021,19,West-Vlaanderen,B,73621.0
2021,19,West-Vlaanderen,C,479.0
2021,20,Antwerpen,A,177522.0
2021,20,Antwerpen,B,92152.0
2021,20,Antwerpen,C,2201.0
2021,20,Brabant Wallon,A,44260.0
2021,20,Brabant Wallon,B,20219.0
2021,20,Brabant Wallon,C,687.0
2021,20,Brussels,A,93193.0
2021,20,Brussels,B,38813.0
2021,20,Brussels,C,623.0
2021,20,Hainaut,A,97649.0
2021,20,Hainaut,B,36191.0
2021,20,Hainaut,C,2364.0
2021,20,Limburg,A,89758.0
2021,20,Limburg,B,40931.0
2021,20,Limburg,C,599.0
2021,20,Liège,A,106182.0
2021,20,Liège,B,45253.0
2021,20,Liège,C,2514.0
2021,20,Luxembourg,A,31418.0
2021,20,Luxembourg,B,12704.0
2021,20,Luxembourg,C,408.0
2021,20,Namur,A,51516.0
2021,20,Namur,B,21750.0
2021,20,Namur,C,3563.0
2021,20,Oost-Vlaanderen,A,137995.0
2021,20,Oost-Vlaanderen,B,73236.0
2021,20,Oost-Vlaanderen,C,1907.0
2021,20,Vlaams-Brabant,A,112526.0
2021,20,Vlaams-Brabant,B,58606.0
2021,20,Vlaams-Brabant,C,1124.0
2021,20,West-Vlaanderen,A,136958.0
2021,20,West-Vlaanderen,B,80437.0
2021,20,West-Vlaanderen,C,2455.0
2021,21,Antwerpen,A,178222.0
2021,21,Antwerpen,B,96264.0
2021,21,Antwerpen,C,4627.0
2021,21,Brabant Wallon,A,45119.0
2021,21,Brabant Wallon,B,23401.0
2021,21,Brabant Wallon,C,721.0
2021,21,Brussels,A,95337.0
2021,21,Brussels,B,50871.0
2021,21,Brussels,C,778.0
2021,21,Hainaut,A,100793.0
2021,21,Hainaut,B,45092.0
2021,21,Hainaut,C,2987.0
2021,21,Limburg,A,90432.0
2021,21,Limburg,B,42453.0
2021,21,Limburg,C,2223.0
2021,21,Liège,A,109454.0
2021,21,Liège,B,55300.0
2021,21,Liège,C,2650.0
2021,21,Luxembourg,A,31870.0
2021,21,Luxembourg,B,15211.0
2021,21,Luxembourg,C,432.0
2021,21,Namur,A,52423.0
2021,21,Namur,B,25728.0
2021,21,Namur,C,4471.0
2021,21,Oost-Vlaanderen,A,141690.0
2021,21,Oost-Vlaanderen,B,76754.0
2021,21,Oost-Vlaanderen,C,3417.0
2021,21,Vlaams-Brabant,A,115298.0
2021,21,Vlaams-Brabant,B,63904.0
2021,21,Vlaams-Brabant,C,2536.0
2021,21,West-Vlaanderen,A,138367.0
2021,21,West-Vlaanderen,B,81926.0
2021,21,West-Vlaanderen,C,3861.0
2021,22,Antwerpen,A,211144.0
2021,22,Antwerpen,B,108877.0
2021,22,Antwerpen,C,6540.0
2021,22,Brabant Wallon,A,46180.0
2021,22,Brabant Wallon,B,28320.0
2021,22,Brabant Wallon,C,769.0
2021,22,Brussels,A,100281.0
2021,22,Brussels,B,58110.0
2021,22,Brussels,C,905.0
2021,22,Hainaut,A,105673.0
2021,22,Hainaut,B,56827.0
2021,22,Hainaut,C,3786.0
2021,22,Limburg,A,103182.0
2021,22,Limburg,B,51801.0
2021,22,Limburg,C,3620.0
2021,22,Liège,A,113785.0
2021,22,Liège,B,61895.0
2021,22,Liège,C,2855.0
2021,22,Luxembourg,A,32376.0
2021,22,Luxembourg,B,19793.0
2021,22,Luxembourg,C,472.0
2021,22,Namur,A,53497.0
2021,22,Namur,B,29281.0
2021,22,Namur,C,4632.0
2021,22,Oost-Vlaanderen,A,162743.0
2021,22,Oost-Vlaanderen,B,88755.0
2021,22,Oost-Vlaanderen,C,4462.0
2021,22,Vlaams-Brabant,A,133890.0
2021,22,Vlaams-Brabant,B,78197.0
2021,22,Vlaams-Brabant,C,4970.0
2021,22,West-Vlaanderen,A,154058.0
2021,22,West-Vlaanderen,B,89057.0
2021,22,West-Vlaanderen,C,6034.0
2021,23,Antwerpen,A,224245.0
2021,23,Antwerpen,B,117246.0
2021,23,Antwerpen,C,14377.0
2021,23,Brabant Wallon,A,46912.0
2021,23,Brabant Wallon,B,32946.0
2021,23,Brabant Wallon,C,817.0
2021,23,Brussels,A,102948.0
2021,23,Brussels,B,67030.0
2021,23,Brussels,C,1006.0
2021,23,Hainaut,A,109405.0
2021,23,Hainaut,B,68893.0
2021,23,Hainaut,C,4459.0
2021,23,Limburg,A,112299.0
2021,23,Limburg,B,59320.0
2021,23,Limburg,C,6808.0
2021,23,Liège,A,115921.0
2021,23,Liège,B,73993.0
2021,23,Liège,C,3190.0
2021,23,Luxembourg,A,32699.0
2021,23,Luxembourg,B,25424.0
2021,23,Luxembourg,C,474.0
2021,23,Namur,A,54303.0
2021,23,Namur,B,33732.0
2021,23,Namur,C,4777.0
2021,23,Oost-Vlaanderen,A,175415.0
2021,23,Oost-Vlaanderen,B,98425.0
2021,23,Oost-Vlaanderen,C,10778.0
2021,23,Vlaams-Brabant,A,142178.0
2021,23,Vlaams-Brabant,B,88073.0
2021,23,Vlaams-Brabant,C,9881.0
2021,23,West-Vlaanderen,A,161178.0
2021,23,West-Vlaanderen,B,95326.0
2021,23,West-Vlaanderen,C,12383.0
2021,24,Antwerpen,A,226802.0
2021,24,Antwerpen,B,127831.0
2021,24,Antwerpen,C,21201.0
2021,24,Brabant Wallon,A,47370.0
2021,24,Brabant Wallon,B,36285.0
2021,24,Brabant Wallon,C,854.0
2021,24,Brussels,A,106704.0
2021,24,Brussels,B,72802.0
2021,24,Brussels,C,1109.0
2021,24,Hainaut,A,111629.0
2021,24,Hainaut,B,75722.0
2021,24,Hainaut,C,4935.0
2021,24,Limburg,A,112983.0
2021,24,Limburg,B,60752.0
2021,24,Limburg,C,14935.0
2021,24,Liège,A,117672.0
2021,24,Liège,B,81632.0
2021,24,Liège,C,3482.0
2021,24,Luxembourg,A,32977.0
2021,24,Luxembourg,B,27590.0
2021,24,Luxembourg,C,481.0
2021,24,Namur,A,54748.0
2021,24,Namur,B,36597.0
2021,24,Namur,C,4999.0
2021,24,Oost-Vlaanderen,A,178384.0
2021,24,Oost-Vlaanderen,B,100749.0
2021,24,Oost-Vlaanderen,C,21281.0
2021,24,Vlaams-Brabant,A,143107.0
2021,24,Vlaams-Brabant,B,90244.0
2021,24,Vlaams-Brabant,C,15874.0
2021,24,West-Vlaanderen,A,162213.0
2021,24,West-Vlaanderen,B,98989.0
2021,24,West-Vlaanderen,C,16137.0
2021,25,Antwerpen,A,228498.0
2021,25,Antwerpen,B,131301.0
2021,25,Antwerpen,C,21787.0
2021,25,Brabant Wallon,A,47742.0
2021,25,Brabant Wallon,B,37605.0
2021,25,Brabant Wallon,C,889.0
2021,25,Brussels,A,110467.0
2021,25,Brussels,B,78086.0
2021,25,Brussels,C,2146.0
2021,25,Hainaut,A,112937.0
2021,25,Hainaut,B,79643.0
2021,25,Hainaut,C,5288.0
2021,25,Limburg,A,113261.0
2021,25,Limburg,B,63092.0
2021,25,Limburg,C,15959.0
2021,25,Liège,A,118998.0
2021,25,Liège,B,87244.0
2021,25,Liège,C,3607.0
2021,25,Luxembourg,A,33202.0
2021,25,Luxembourg,B,28304.0
2021,25,Luxembourg,C,483.0
2021,25,Namur,A,55052.0
2021,25,Namur,B,38956.0
2021,25,Namur,C,5052.0
2021,25,Oost-Vlaanderen,A,183332.0
2021,25,Oost-Vlaanderen,B,105460.0
2021,25,Oost-Vlaanderen,C,21641.0
2021,25,Vlaams-Brabant,A,148724.0
2021,25,Vlaams-Brabant,B,92551.0
2021,25,Vlaams-Brabant,C,16366.0
2021,25,West-Vlaanderen,A,162466.0
2021,25,West-Vlaanderen,B,102812.0
2021,25,West-Vlaanderen,C,16532.0
2021,26,Antwerpen,A,232114.0
2021,26,Antwerpen,B,141061.0
2021,26,Antwerpen,C,22306.0
2021,26,Brabant Wallon,A,47936.0
2021,26,Brabant Wallon,B,39594.0
2021,26,Brabant Wallon,C,902.0
2021,26,Brussels,A,113895.0
2021,26,Brussels,B,82601.0
2021,26,Brussels,C,3925.0
2021,26,Hainaut,A,113786.0
2021,26,Hainaut,B,88071.0
2021,26,Hainaut,C,5493.0
2021,26,Limburg,A,113473.0
2021,26,Limburg,B,67667.0
2021,26,Limburg,C,16268.0
2021,26,Liège,A,119698.0
2021,26,Liège,B,95435.0
2021,26,Liège,C,3690.0
2021,26,Luxembourg,A,33280.0
2021,26,Luxembourg,B,29301.0
2021,26,Luxembourg,C,486.0
2021,26,Namur,A,55212.0
2021,26,Namur,B,43414.0
2021,26,Namur,C,5073.0
2021,26,Oost-Vlaanderen,A,188836.0
2021,26,Oost-Vlaanderen,B,108489.0
2021,26,Oost-Vlaanderen,C,21824.0
2021,26,Vlaams-Brabant,A,150675.0
2021,26,Vlaams-Brabant,B,95751.0
2021,26,Vlaams-Brabant,C,16767.0
2021,26,West-Vlaanderen,A,162638.0
2021,26,West-Vlaanderen,B,106909.0
2021,26,West-Vlaanderen,C,16748.0
2021,27,Antwerpen,A,234989.0
2021,27,Antwerpen,B,182857.0
2021,27,Antwerpen,C,22457.0
2021,27,Brabant Wallon,A,48067.0
2021,27,Brabant Wallon,B,41073.0
2021,27,Brabant Wallon,C,928.0
2021,27,Brussels,A,116103.0
2021,27,Brussels,B,89819.0
2021,27,Brussels,C,5016.0
2021,27,Hainaut,A,114398.0
2021,27,Hainaut,B,92691.0
2021,27,Hainaut,C,5760.0
2021,27,Limburg,A,113641.0
2021,27,Limburg,B,85364.0
2021,27,Limburg,C,16554.0
2021,27,Liège,A,120243.0
2021,27,Liège,B,102123.0
2021,27,Liège,C,3896.0
2021,27,Luxembourg,A,33390.0
2021,27,Luxembourg,B,31167.0
2021,27,Luxembourg,C,499.0
2021,27,Namur,A,55384.0
2021,27,Namur,B,47118.0
2021,27,Namur,C,5165.0
2021,27,Oost-Vlaanderen,A,189543.0
2021,27,Oost-Vlaanderen,B,137107.0
2021,27,Oost-Vlaanderen,C,21950.0
2021,27,Vlaams-Brabant,A,151367.0
2021,27,Vlaams-Brabant,B,116204.0
2021,27,Vlaams-Brabant,C,17102.0
2021,27,West-Vlaanderen,A,162737.0
2021,27,West-Vlaanderen,B,134545.0
2021,27,West-Vlaanderen,C,16876.0
2021,28,Antwerpen,A,237326.0
2021,28,Antwerpen,B,201236.0
2021,28,Antwerpen,C,23023.0
2021,28,Brabant Wallon,A,48241.0
2021,28,Brabant Wallon,B,43440.0
2021,28,Brabant Wallon,C,985.0
2021,28,Brussels,A,118079.0
2021,28,Brussels,B,94905.0
2021,28,Brussels,C,6307.0
2021,28,Hainaut,A,115076.0
2021,28,Hainaut,B,97661.0
2021,28,Hainaut,C,6304.0
2021,28,Limburg,A,113808.0
2021,28,Limburg,B,93519.0
2021,28,Limburg,C,16701.0
2021,28,Liège,A,120681.0
2021,28,Liège,B,106609.0
2021,28,Liège,C,4091.0
2021,28,Luxembourg,A,33516.0
2021,28,Luxembourg,B,31981.0
2021,28,Luxembourg,C,524.0
2021,28,Namur,A,55577.0
2021,28,Namur,B,49086.0
2021,28,Namur,C,5256.0
2021,28,Oost-Vlaanderen,A,190851.0
2021,28,Oost-Vlaanderen,B,154588.0
2021,28,Oost-Vlaanderen,C,22076.0
2021,28,Vlaams-Brabant,A,151845.0
2021,28,Vlaams-Brabant,B,127404.0
2021,28,Vlaams-Brabant,C,17434.0
2021,28,West-Vlaanderen,A,162929.0
2021,28,West-Vlaanderen,B,145863.0
2021,28,West-Vlaanderen,C,17404.0
2021,29,Antwerpen,A,238625.0
2021,29,Antwerpen,B,208613.0
2021,29,Antwerpen,C,23288.0
2021,29,Brabant Wallon,A,48381.0
2021,29,Brabant Wallon,B,44940.0
2021,29,Brabant Wallon,C,1071.0
2021,29,Brussels,A,119021.0
2021,29,Brussels,B,102054.0
2021,29,Brussels,C,6915.0
2021,29,Hainaut,A,115604.0
2021,29,Hainaut,B,103596.0
2021,29,Hainaut,C,6632.0
2021,29,Limburg,A,113944.0
2021,29,Limburg,B,98228.0
2021,29,Limburg,C,16820.0
2021,29,Liège,A,121474.0
2021,29,Liège,B,111347.0
2021,29,Liège,C,4292.0
2021,29,Luxembourg,A,33662.0
2021,29,Luxembourg,B,32667.0
2021,29,Luxembourg,C,570.0
2021,29,Namur,A,55775.0
2021,29,Namur,B,51503.0
2021,29,Namur,C,5404.0
2021,29,Oost-Vlaanderen,A,191332.0
2021,29,Oost-Vlaanderen,B,161505.0
2021,29,Oost-Vlaanderen,C,22146.0
2021,29,Vlaams-Brabant,A,152251.0
2021,29,Vlaams-Brabant,B,133504.0
2021,29,Vlaams-Brabant,C,17703.0
2021,29,West-Vlaanderen,A,163044.0
2021,29,West-Vlaanderen,B,150972.0
2021,29,West-Vlaanderen,C,17683.0
2021,30,Antwerpen,A,239658.0
2021,30,Antwerpen,B,217466.0
2021,30,Antwerpen,C,23527.0
2021,30,Brabant Wallon,A,48589.0
2021,30,Brabant Wallon,B,46540.0
2021,30,Brabant Wallon,C,1147.0
2021,30,Brussels,A,119866.0
2021,30,Brussels,B,107904.0
2021,30,Brussels,C,7583.0
2021,30,Hainaut,A,116126.0
2021,30,Hainaut,B,108623.0
2021,30,Hainaut,C,6891.0
2021,30,Limburg,A,114067.0
2021,30,Limburg,B,104521.0
2021,30,Limburg,C,16861.0
2021,30,Liège,A,122292.0
2021,30,Liège,B,115026.0
2021,30,Liège,C,4634.0
2021,30,Luxembourg,A,33805.0
2021,30,Luxembourg,B,33015.0
2021,30,Luxembourg,C,648.0
2021,30,Namur,A,55933.0
2021,30,Namur,B,53037.0
2021,30,Namur,C,5505.0
2021,30,Oost-Vlaanderen,A,191692.0
2021,30,Oost-Vlaanderen,B,174906.0
2021,30,Oost-Vlaanderen,C,22335.0
2021,30,Vlaams-Brabant,A,152496.0
2021,30,Vlaams-Brabant,B,143101.0
2021,30,Vlaams-Brabant,C,17866.0
2021,30,West-Vlaanderen,A,163100.0
2021,30,West-Vlaanderen,B,156287.0
2021,30,West-Vlaanderen,C,17760.0
2021,31,Antwerpen,A,240577.0
2021,31,Antwerpen,B,222572.0
2021,31,Antwerpen,C,23736.0
2021,31,Brabant Wallon,A,48792.0
2021,31,Brabant Wallon,B,47632.0
2021,31,Brabant Wallon,C,1215.0
2021,31,Brussels,A,120925.0
2021,31,Brussels,B,111941.0
2021,31,Brussels,C,8290.0
2021,31,Hainaut,A,116722.0
2021,31,Hainaut,B,113584.0
2021,31,Hainaut,C,7198.0
2021,31,Limburg,A,114142.0
2021,31,Limburg,B,106298.0
2021,31,Limburg,C,17035.0
2021,31,Liège,A,123068.0
2021,31,Liège,B,118230.0
2021,31,Liège,C,4873.0
2021,31,Luxembourg,A,33933.0
2021,31,Luxembourg,B,33337.0
2021,31,Luxembourg,C,721.0
2021,31,Namur,A,56129.0
2021,31,Namur,B,54796.0
2021,31,Namur,C,5657.0
2021,31,Oost-Vlaanderen,A,192324.0
2021,31,Oost-Vlaanderen,B,179919.0
2021,31,Oost-Vlaanderen,C,22430.0
2021,31,Vlaams-Brabant,A,152740.0
2021,31,Vlaams-Brabant,B,144923.0
2021,31,Vlaams-Brabant,C,18023.0
2021,31,West-Vlaanderen,A,163166.0
2021,31,West-Vlaanderen,B,158598.0
2021,31,West-Vlaanderen,C,17825.0
2021,32,Antwerpen,A,241553.0
2021,32,Antwerpen,B,233393.0
2021,32,Antwerpen,C,23987.0
2021,32,Brabant Wallon,A,48923.0
2021,32,Brabant Wallon,B,47963.0
2021,32,Brabant Wallon,C,1286.0
2021,32,Brussels,A,121785.0
2021,32,Brussels,B,114650.0
2021,32,Brussels,C,8899.0
2021,32,Hainaut,A,116971.0
2021,32,Hainaut,B,114756.0
2021,32,Hainaut,C,7397.0
2021,32,Limburg,A,114269.0
2021,32,Limburg,B,112832.0
2021,32,Limburg,C,17139.0
2021,32,Liège,A,123593.0
2021,32,Liège,B,119869.0
2021,32,Liège,C,5030.0
2021,32,Luxembourg,A,34002.0
2021,32,Luxembourg,B,33508.0
2021,32,Luxembourg,C,773.0
2021,32,Namur,A,56224.0
2021,32,Namur,B,55527.0
2021,32,Namur,C,5714.0
2021,32,Oost-Vlaanderen,A,192828.0
2021,32,Oost-Vlaanderen,B,188482.0
2021,32,Oost-Vlaanderen,C,22524.0
2021,32,Vlaams-Brabant,A,153100.0
2021,32,Vlaams-Brabant,B,150477.0
2021,32,Vlaams-Brabant,C,18139.0
2021,32,West-Vlaanderen,A,163276.0
2021,32,West-Vlaanderen,B,161988.0
2021,32,West-Vlaanderen,C,17888.0
2021,33,Antwerpen,A,242544.0
2021,33,Antwerpen,B,235501.0
2021,33,Antwerpen,C,24077.0
2021,33,Brabant Wallon,A,49008.0
2021,33,Brabant Wallon,B,48182.0
2021,33,Brabant Wallon,C,1324.0
2021,33,Brussels,A,122515.0
2021,33,Brussels,B,116692.0
2021,33,Brussels,C,9455.0
2021,33,Hainaut,A,117131.0
2021,33,Hainaut,B,115406.0
2021,33,Hainaut,C,7534.0
2021,33,Limburg,A,114344.0
2021,33,Limburg,B,113155.0
2021,33,Limburg,C,17179.0
2021,33,Liège,A,123928.0
2021,33,Liège,B,120854.0
2021,33,Liège,C,5103.0
2021,33,Luxembourg,A,34039.0
2021,33,Luxembourg,B,33643.0
2021,33,Luxembourg,C,787.0
2021,33,Namur,A,56296.0
2021,33,Namur,B,55697.0
2021,33,Namur,C,5767.0
2021,33,Oost-Vlaanderen,A,193261.0
2021,33,Oost-Vlaanderen,B,189392.0
2021,33,Oost-Vlaanderen,C,22635.0
2021,33,Vlaams-Brabant,A,153350.0
2021,33,Vlaams-Brabant,B,151119.0
2021,33,Vlaams-Brabant,C,18247.0
2021,33,West-Vlaanderen,A,163358.0
2021,33,West-Vlaanderen,B,162228.0
2021,33,West-Vlaanderen,C,18026.0
2021,34,Antwerpen,A,243250.0
2021,34,Antwerpen,B,236820.0
2021,34,Antwerpen,C,24193.0
2021,34,Brabant Wallon,A,49088.0
2021,34,Brabant Wallon,B,48383.0
2021,34,Brabant Wallon,C,1350.0
2021,34,Brussels,A,123470.0
2021,34,Brussels,B,118127.0
2021,34,Brussels,C,10025.0
2021,34,Hainaut,A,117234.0
2021,34,Hainaut,B,116045.0
2021,34,Hainaut,C,7646.0
2021,34,Limburg,A,114413.0
2021,34,Limburg,B,113479.0
2021,34,Limburg,C,17258.0
2021,34,Liège,A,124217.0
2021,34,Liège,B,121739.0
2021,34,Liège,C,5215.0
2021,34,Luxembourg,A,34060.0
2021,34,Luxembourg,B,33787.0
2021,34,Luxembourg,C,807.0
2021,34,Namur,A,56345.0
2021,34,Namur,B,55912.0
2021,34,Namur,C,5822.0
2021,34,Oost-Vlaanderen,A,193623.0
2021,34,Oost-Vlaanderen,B,190208.0
2021,34,Oost-Vlaanderen,C,22731.0
2021,34,Vlaams-Brabant,A,153487.0
2021,34,Vlaams-Brabant,B,151559.0
2021,34,Vlaams-Brabant,C,18348.0
2021,34,West-Vlaanderen,A,163399.0
2021,34,West-Vlaanderen,B,162470.0
2021,34,West-Vlaanderen,C,18056.0
2021,35,Antwerpen,A,244165.0
2021,35,Antwerpen,B,238502.0
2021,35,Antwerpen,C,24406.0
2021,35,Brabant Wallon,A,49139.0
2021,35,Brabant Wallon,B,48518.0
2021,35,Brabant Wallon,C,1384.0
2021,35,Brussels,A,124472.0
2021,35,Brussels,B,119137.0
2021,35,Brussels,C,10453.0
2021,35,Hainaut,A,117314.0
2021,35,Hainaut,B,116378.0
2021,35,Hainaut,C,7704.0
2021,35,Limburg,A,114473.0
2021,35,Limburg,B,113653.0
2021,35,Limburg,C,17351.0
2021,35,Liège,A,124409.0
2021,35,Liège,B,122201.0
2021,35,Liège,C,5261.0
2021,35,Luxembourg,A,34073.0
2021,35,Luxembourg,B,33845.0
2021,35,Luxembourg,C,810.0
2021,35,Namur,A,56405.0
2021,35,Namur,B,56061.0
2021,35,Namur,C,5855.0
2021,35,Oost-Vlaanderen,A,194415.0
2021,35,Oost-Vlaanderen,B,191213.0
2021,35,Oost-Vlaanderen,C,22882.0
2021,35,Vlaams-Brabant,A,153732.0
2021,35,Vlaams-Brabant,B,152066.0
2021,35,Vlaams-Brabant,C,18440.0
2021,35,West-Vlaanderen,A,163459.0
2021,35,West-Vlaanderen,B,162616.0
2021,35,West-Vlaanderen,C,18093.0
2021,36,Antwerpen,A,244990.0
2021,36,Antwerpen,B,239759.0
2021,36,Antwerpen,C,24517.0
2021,36,Brabant Wallon,A,49189.0
2021,36,Brabant Wallon,B,48606.0
2021,36,Brabant Wallon,C,1399.0
2021,36,Brussels,A,125570.0
2021,36,Brussels,B,120024.0
2021,36,Brussels,C,10927.0
2021,36,Hainaut,A,117404.0
2021,36,Hainaut,B,116544.0
2021,36,Hainaut,C,7757.0
2021,36,Limburg,A,114511.0
2021,36,Limburg,B,113786.0
2021,36,Limburg,C,17383.0
2021,36,Liège,A,124606.0
2021,36,Liège,B,122549.0
2021,36,Liège,C,5310.0
2021,36,Luxembourg,A,34087.0
2021,36,Luxembourg,B,33876.0
2021,36,Luxembourg,C,821.0
2021,36,Namur,A,56421.0
2021,36,Namur,B,56137.0
2021,36,Namur,C,5864.0
2021,36,Oost-Vlaanderen,A,194774.0
2021,36,Oost-Vlaanderen,B,191720.0
2021,36,Oost-Vlaanderen,C,23008.0
2021,36,Vlaams-Brabant,A,153960.0
2021,36,Vlaams-Brabant,B,152356.0
2021,36,Vlaams-Brabant,C,18499.0
2021,36,West-Vlaanderen,A,163520.0
2021,36,West-Vlaanderen,B,162774.0
2021,36,West-Vlaanderen,C,18158.0
2021,37,Antwerpen,A,245145.0
2021,37,Antwerpen,B,241040.0
2021,37,Antwerpen,C,24739.0
2021,37,Brabant Wallon,A,49273.0
2021,37,Brabant Wallon,B,48681.0
2021,37,Brabant Wallon,C,1428.0
2021,37,Brussels,A,126703.0
2021,37,Brussels,B,120802.0
2021,37,Brussels,C,11499.0
2021,37,Hainaut,A,117484.0
2021,37,Hainaut,B,116675.0
2021,37,Hainaut,C,7804.0
2021,37,Limburg,A,114556.0
2021,37,Limburg,B,113926.0
2021,37,Limburg,C,17463.0
2021,37,Liège,A,124821.0
2021,37,Liège,B,122847.0
2021,37,Liège,C,5379.0
2021,37,Luxembourg,A,34100.0
2021,37,Luxembourg,B,33907.0
2021,37,Luxembourg,C,830.0
2021,37,Namur,A,56465.0
2021,37,Namur,B,56171.0
2021,37,Namur,C,5884.0
2021,37,Oost-Vlaanderen,A,194909.0
2021,37,Oost-Vlaanderen,B,192214.0
2021,37,Oost-Vlaanderen,C,23149.0
2021,37,Vlaams-Brabant,A,154138.0
2021,37,Vlaams-Brabant,B,152642.0
2021,37,Vlaams-Brabant,C,18585.0
2021,37,West-Vlaanderen,A,163566.0
2021,37,West-Vlaanderen,B,162832.0
2021,37,West-Vlaanderen,C,18240.0
2021,38,Antwerpen,A,245319.0
2021,38,Antwerpen,B,242177.0
2021,38,Antwerpen,C,24956.0
2021,38,Brabant Wallon,A,49364.0
2021,38,Brabant Wallon,B,48760.0
2021,38,Brabant Wallon,C,1471.0
2021,38,Brussels,A,127719.0
2021,38,Brussels,B,121706.0
2021,38,Brussels,C,11996.0
2021,38,Hainaut,A,117660.0
2021,38,Hainaut,B,116760.0
2021,38,Hainaut,C,7885.0
2021,38,Limburg,A,114598.0
2021,38,Limburg,B,114047.0
2021,38,Limburg,C,17490.0
2021,38,Liège,A,125155.0
2021,38,Liège,B,123131.0
2021,38,Liège,C,5520.0
2021,38,Luxembourg,A,34162.0
2021,38,Luxembourg,B,33931.0
2021,38,Luxembourg,C,833.0
2021,38,Namur,A,56536.0
2021,38,Namur,B,56236.0
2021,38,Namur,C,5940.0
2021,38,Oost-Vlaanderen,A,195095.0
2021,38,Oost-Vlaanderen,B,192706.0
2021,38,Oost-Vlaanderen,C,23303.0
2021,38,Vlaams-Brabant,A,154274.0
2021,38,Vlaams-Brabant,B,152861.0
2021,38,Vlaams-Brabant,C,18698.0
2021,38,West-Vlaanderen,A,163592.0
2021,38,West-Vlaanderen,B,162917.0
2021,38,West-Vlaanderen,C,18298.0
2021,39,Antwerpen,A,245523.0
2021,39,Antwerpen,B,243433.0
2021,39,Antwerpen,C,25107.0
2021,39,Brabant Wallon,A,49431.0
2021,39,Brabant Wallon,B,48827.0
2021,39,Brabant Wallon,C,1496.0
2021,39,Brussels,A,128904.0
2021,39,Brussels,B,122681.0
2021,39,Brussels,C,12439.0
2021,39,Hainaut,A,117868.0
2021,39,Hainaut,B,116871.0
2021,39,Hainaut,C,8003.0
2021,39,Limburg,A,114615.0
2021,39,Limburg,B,114120.0
2021,39,Limburg,C,17541.0
2021,39,Liège,A,125583.0
2021,39,Liège,B,123398.0
2021,39,Liège,C,5600.0
2021,39,Luxembourg,A,34269.0
2021,39,Luxembourg,B,33958.0
2021,39,Luxembourg,C,844.0
2021,39,Namur,A,56619.0
2021,39,Namur,B,56282.0
2021,39,Namur,C,5962.0
2021,39,Oost-Vlaanderen,A,195258.0
2021,39,Oost-Vlaanderen,B,193769.0
2021,39,Oost-Vlaanderen,C,23397.0
2021,39,Vlaams-Brabant,A,154410.0
2021,39,Vlaams-Brabant,B,153169.0
2021,39,Vlaams-Brabant,C,18786.0
2021,39,West-Vlaanderen,A,163621.0
2021,39,West-Vlaanderen,B,162984.0
2021,39,West-Vlaanderen,C,18324.0
2021,40,Antwerpen,A,245717.0
2021,40,Antwerpen,B,243596.0
2021,40,Antwerpen,C,25170.0
2021,40,Brabant Wallon,A,49508.0
2021,40,Brabant Wallon,B,48924.0
2021,40,Brabant Wallon,C,1527.0
2021,40,Brussels,A,129669.0
2021,40,Brussels,B,123754.0
2021,40,Brussels,C,12823.0
2021,40,Hainaut,A,118051.0
2021,40,Hainaut,B,116976.0
2021,40,Hainaut,C,8098.0
2021,40,Limburg,A,114622.0
2021,40,Limburg,B,114152.0
2021,40,Limburg,C,17555.0
2021,40,Liège,A,125963.0
2021,40,Liège,B,123665.0
2021,40,Liège,C,5713.0
2021,40,Luxembourg,A,34360.0
2021,40,Luxembourg,B,33983.0
2021,40,Luxembourg,C,876.0
2021,40,Namur,A,56694.0
2021,40,Namur,B,56340.0
2021,40,Namur,C,6009.0
2021,40,Oost-Vlaanderen,A,195309.0
2021,40,Oost-Vlaanderen,B,193913.0
2021,40,Oost-Vlaanderen,C,23428.0
2021,40,Vlaams-Brabant,A,154489.0
2021,40,Vlaams-Brabant,B,153362.0
2021,40,Vlaams-Brabant,C,18855.0
2021,40,West-Vlaanderen,A,163650.0
2021,40,West-Vlaanderen,B,163048.0
2021,40,West-Vlaanderen,C,18374.0
2021,41,Antwerpen,A,245979.0
2021,41,Antwerpen,B,243841.0
2021,41,Antwerpen,C,25248.0
2021,41,Brabant Wallon,A,49564.0
2021,41,Brabant Wallon,B,49013.0
2021,41,Brabant Wallon,C,1568.0
2021,41,Brussels,A,130516.0
2021,41,Brussels,B,124892.0
2021,41,Brussels,C,13278.0
2021,41,Hainaut,A,118187.0
2021,41,Hainaut,B,117178.0
2021,41,Hainaut,C,8190.0
2021,41,Limburg,A,114636.0
2021,41,Limburg,B,114223.0
2021,41,Limburg,C,17564.0
2021,41,Liège,A,126232.0
2021,41,Liège,B,123978.0
2021,41,Liège,C,5815.0
2021,41,Luxembourg,A,34420.0
2021,41,Luxembourg,B,34048.0
2021,41,Luxembourg,C,881.0
2021,41,Namur,A,56751.0
2021,41,Namur,B,56414.0
2021,41,Namur,C,6053.0
2021,41,Oost-Vlaanderen,A,195337.0
2021,41,Oost-Vlaanderen,B,194023.0
2021,41,Oost-Vlaanderen,C,23460.0
2021,41,Vlaams-Brabant,A,154563.0
2021,41,Vlaams-Brabant,B,153531.0
2021,41,Vlaams-Brabant,C,18931.0
2021,41,West-Vlaanderen,A,163662.0
2021,41,West-Vlaanderen,B,163080.0
2021,41,West-Vlaanderen,C,18388.0
2021,42,Antwerpen,A,246064.0
2021,42,Antwerpen,B,244008.0
2021,42,Antwerpen,C,25273.0
2021,42,Brabant Wallon,A,49609.0
2021,42,Brabant Wallon,B,49078.0
2021,42,Brabant Wallon,C,1607.0
2021,42,Brussels,A,131568.0
2021,42,Brussels,B,126056.0
2021,42,Brussels,C,13788.0
2021,42,Hainaut,A,118318.0
2021,42,Hainaut,B,117378.0
2021,42,Hainaut,C,8291.0
2021,42,Limburg,A,114649.0
2021,42,Limburg,B,114233.0
2021,42,Limburg,C,17566.0
2021,42,Liège,A,126491.0
2021,42,Liège,B,124376.0
2021,42,Liège,C,5895.0
2021,42,Luxembourg,A,34493.0
2021,42,Luxembourg,B,34126.0
2021,42,Luxembourg,C,887.0
2021,42,Namur,A,56797.0
2021,42,Namur,B,56490.0
2021,42,Namur,C,6077.0
2021,42,Oost-Vlaanderen,A,195379.0
2021,42,Oost-Vlaanderen,B,194128.0
2021,42,Oost-Vlaanderen,C,23481.0
2021,42,Vlaams-Brabant,A,154627.0
2021,42,Vlaams-Brabant,B,153637.0
2021,42,Vlaams-Brabant,C,18995.0
2021,42,West-Vlaanderen,A,163670.0
2021,42,West-Vlaanderen,B,163111.0
2021,42,West-Vlaanderen,C,18391.0
2021,43,Antwerpen,A,246276.0
2021,43,Antwerpen,B,244324.0
2021,43,Antwerpen,C,25394.0
2021,43,Brabant Wallon,A,49692.0
2021,43,Brabant Wallon,B,49173.0
2021,43,Brabant Wallon,C,1650.0
2021,43,Brussels,A,132355.0
2021,43,Brussels,B,127193.0
2021,43,Brussels,C,14185.0
2021,43,Hainaut,A,118487.0
2021,43,Hainaut,B,117590.0
2021,43,Hainaut,C,8414.0
2021,43,Limburg,A,114661.0
2021,43,Limburg,B,114249.0
2021,43,Limburg,C,17573.0
2021,43,Liège,A,126843.0
2021,43,Liège,B,124854.0
2021,43,Liège,C,6008.0
2021,43,Luxembourg,A,34552.0
2021,43,Luxembourg,B,34218.0
2021,43,Luxembourg,C,907.0
2021,43,Namur,A,56893.0
2021,43,Namur,B,56587.0
2021,43,Namur,C,6122.0
2021,43,Oost-Vlaanderen,A,195424.0
2021,43,Oost-Vlaanderen,B,194226.0
2021,43,Oost-Vlaanderen,C,23510.0
2021,43,Vlaams-Brabant,A,154713.0
2021,43,Vlaams-Brabant,B,153741.0
2021,43,Vlaams-Brabant,C,19050.0
2021,43,West-Vlaanderen,A,163708.0
2021,43,West-Vlaanderen,B,163143.0
2021,43,West-Vlaanderen,C,18403.0
2021,44,Antwerpen,A,246512.0
2021,44,Antwerpen,B,244560.0
2021,44,Antwerpen,C,25490.0
2021,44,Brabant Wallon,A,49771.0
2021,44,Brabant Wallon,B,49229.0
2021,44,Brabant Wallon,C,1680.0
2021,44,Brussels,A,133038.0
2021,44,Brussels,B,127973.0
2021,44,Brussels,C,14610.0
2021,44,Hainaut,A,118640.0
2021,44,Hainaut,B,117737.0
2021,44,Hainaut,C,8548.0
2021,44,Limburg,A,114682.0
2021,44,Limburg,B,114257.0
2021,44,Limburg,C,17581.0
2021,44,Liège,A,127199.0
2021,44,Liège,B,125139.0
2021,44,Liège,C,6091.0
2021,44,Luxembourg,A,34605.0
2021,44,Luxembourg,B,34259.0
2021,44,Luxembourg,C,914.0
2021,44,Namur,A,56971.0
2021,44,Namur,B,56639.0
2021,44,Namur,C,6164.0
2021,44,Oost-Vlaanderen,A,195507.0
2021,44,Oost-Vlaanderen,B,194307.0
2021,44,Oost-Vlaanderen,C,23580.0
2021,44,Vlaams-Brabant,A,154795.0
2021,44,Vlaams-Brabant,B,153812.0
2021,44,Vlaams-Brabant,C,19123.0
2021,44,West-Vlaanderen,A,163747.0
2021,44,West-Vlaanderen,B,163166.0
2021,44,West-Vlaanderen,C,18438.0
2021,45,Antwerpen,A,246748.0
2021,45,Antwerpen,B,244694.0
2021,45,Antwerpen,C,25563.0
2021,45,Brabant Wallon,A,49828.0
2021,45,Brabant Wallon,B,49276.0
2021,45,Brabant Wallon,C,1714.0
2021,45,Brussels,A,133577.0
2021,45,Brussels,B,128823.0
2021,45,Brussels,C,14913.0
2021,45,Hainaut,A,118788.0
2021,45,Hainaut,B,117881.0
2021,45,Hainaut,C,8660.0
2021,45,Limburg,A,114716.0
2021,45,Limburg,B,114275.0
2021,45,Limburg,C,17590.0
2021,45,Liège,A,127477.0
2021,45,Liège,B,125405.0
2021,45,Liège,C,6150.0
2021,45,Luxembourg,A,34711.0
2021,45,Luxembourg,B,34337.0
2021,45,Luxembourg,C,934.0
2021,45,Namur,A,57036.0
2021,45,Namur,B,56684.0
2021,45,Namur,C,6191.0
2021,45,Oost-Vlaanderen,A,195618.0
2021,45,Oost-Vlaanderen,B,194384.0
2021,45,Oost-Vlaanderen,C,23693.0
2021,45,Vlaams-Brabant,A,154889.0
2021,45,Vlaams-Brabant,B,153874.0
2021,45,Vlaams-Brabant,C,19185.0
2021,45,West-Vlaanderen,A,163787.0
2021,45,West-Vlaanderen,B,163196.0
2021,45,West-Vlaanderen,C,18467.0
2021,46,Antwerpen,A,247067.0
2021,46,Antwerpen,B,244951.0
2021,46,Antwerpen,C,25571.0
2021,46,Brabant Wallon,A,49900.0
2021,46,Brabant Wallon,B,49360.0
2021,46,Brabant Wallon,C,1738.0
2021,46,Brussels,A,134128.0
2021,46,Brussels,B,129749.0
2021,46,Brussels,C,15197.0
2021,46,Hainaut,A,118972.0
2021,46,Hainaut,B,118061.0
2021,46,Hainaut,C,8729.0
2021,46,Limburg,A,114767.0
2021,46,Limburg,B,114320.0
2021,46,Limburg,C,17596.0
2021,46,Liège,A,127863.0
2021,46,Liège,B,125769.0
2021,46,Liège,C,6216.0
2021,46,Luxembourg,A,34793.0
2021,46,Luxembourg,B,34406.0
2021,46,Luxembourg,C,956.0
2021,46,Namur,A,57138.0
2021,46,Namur,B,56755.0
2021,46,Namur,C,6221.0
2021,46,Oost-Vlaanderen,A,195780.0
2021,46,Oost-Vlaanderen,B,194481.0
2021,46,Oost-Vlaanderen,C,23713.0
2021,46,Vlaams-Brabant,A,155034.0
2021,46,Vlaams-Brabant,B,154017.0
2021,46,Vlaams-Brabant,C,19221.0
2021,46,West-Vlaanderen,A,163875.0
2021,46,West-Vlaanderen,B,163265.0
2021,46,West-Vlaanderen,C,18473.0
2021,47,Antwerpen,A,247688.0
2021,47,Antwerpen,B,245204.0
2021,47,Antwerpen,C,25578.0
2021,47,Brabant Wallon,A,49959.0
2021,47,Brabant Wallon,B,49439.0
2021,47,Brabant Wallon,C,1756.0
2021,47,Brussels,A,134569.0
2021,47,Brussels,B,130374.0
2021,47,Brussels,C,15434.0
2021,47,Hainaut,A,119134.0
2021,47,Hainaut,B,118205.0
2021,47,Hainaut,C,8777.0
2021,47,Limburg,A,114810.0
2021,47,Limburg,B,114355.0
2021,47,Limburg,C,17596.0
2021,47,Liège,A,128124.0
2021,47,Liège,B,126073.0
2021,47,Liège,C,6270.0
2021,47,Luxembourg,A,34827.0
2021,47,Luxembourg,B,34435.0
2021,47,Luxembourg,C,956.0
2021,47,Namur,A,57198.0
2021,47,Namur,B,56832.0
2021,47,Namur,C,6231.0
2021,47,Oost-Vlaanderen,A,195956.0
2021,47,Oost-Vlaanderen,B,194615.0
2021,47,Oost-Vlaanderen,C,23719.0
2021,47,Vlaams-Brabant,A,155145.0
2021,47,Vlaams-Brabant,B,154102.0
2021,47,Vlaams-Brabant,C,19261.0
2021,47,West-Vlaanderen,A,163952.0
2021,47,West-Vlaanderen,B,163324.0
2021,47,West-Vlaanderen,C,18476.0
